[
  {
    "id": "9dc96030-b5c0-4f7d-a098-e59208da7cd5",
    "data": [
      {
        "text": "이번",
        "alias": "number",
        "meta": "@sys.number",
        "userDefined": true
      },
      {
        "text": " 위치로가",
        "userDefined": false
      }
    ],
    "isTemplate": false,
    "count": 0,
    "updated": 0
  },
  {
    "id": "f3b4ddc6-ee22-4753-aab8-a221a0de6155",
    "data": [
      {
        "text": "이",
        "alias": "number",
        "meta": "@sys.number",
        "userDefined": true
      },
      {
        "text": "번 위치로가",
        "userDefined": false
      }
    ],
    "isTemplate": false,
    "count": 2,
    "updated": 0
  },
  {
    "id": "16d41580-d30b-468a-859e-d7f0f3439fd2",
    "data": [
      {
        "text": "1",
        "alias": "number",
        "meta": "@sys.number",
        "userDefined": true
      },
      {
        "text": "번 가",
        "userDefined": false
      }
    ],
    "isTemplate": false,
    "count": 0,
    "updated": 0
  },
  {
    "id": "2e8db514-9147-43c0-83ca-cd3fad5adb82",
    "data": [
      {
        "text": "3",
        "alias": "number",
        "meta": "@sys.number",
        "userDefined": false
      },
      {
        "text": "번 위치로가",
        "userDefined": false
      }
    ],
    "isTemplate": false,
    "count": 0,
    "updated": 0
  },
  {
    "id": "b18542bb-a344-448b-aaa6-c3b8a6cce6c5",
    "data": [
      {
        "text": "삼",
        "alias": "number",
        "meta": "@sys.number",
        "userDefined": true
      },
      {
        "text": "번 위치로가",
        "userDefined": false
      }
    ],
    "isTemplate": false,
    "count": 0,
    "updated": 0
  },
  {
    "id": "8ead137c-7335-4cec-b60b-38f7e55cdfab",
    "data": [
      {
        "text": "2",
        "alias": "number",
        "meta": "@sys.number",
        "userDefined": false
      },
      {
        "text": "번 으로가",
        "userDefined": false
      }
    ],
    "isTemplate": false,
    "count": 0,
    "updated": 0
  },
  {
    "id": "30b11461-7bab-45ee-8b68-a77bbca6abe9",
    "data": [
      {
        "text": "1",
        "alias": "number",
        "meta": "@sys.number",
        "userDefined": false
      },
      {
        "text": "번 위치로가",
        "userDefined": false
      }
    ],
    "isTemplate": false,
    "count": 0,
    "updated": 0
  }
]