[
  {
    "id": "e97fff07-d81c-4c90-bfe6-1413e35b3356",
    "data": [
      {
        "text": "앞으로 이동해",
        "userDefined": false
      }
    ],
    "isTemplate": false,
    "count": 1,
    "updated": 0
  },
  {
    "id": "0e368233-d285-4805-bbba-d8682541e9e8",
    "data": [
      {
        "text": "전진",
        "userDefined": false
      }
    ],
    "isTemplate": false,
    "count": 0,
    "updated": 0
  },
  {
    "id": "d661982b-74ee-400c-95a8-1463d94e69a5",
    "data": [
      {
        "text": "앞으로가",
        "userDefined": false
      }
    ],
    "isTemplate": false,
    "count": 0,
    "updated": 0
  }
]