[
  {
    "id": "59f562e3-bac9-494b-81f1-9f6f169e612e",
    "data": [
      {
        "text": "후진해",
        "userDefined": false
      }
    ],
    "isTemplate": false,
    "count": 0,
    "updated": 0
  },
  {
    "id": "5deca75c-acda-4871-9d80-bfa9109b95b1",
    "data": [
      {
        "text": "뒤로 후진",
        "userDefined": false
      }
    ],
    "isTemplate": false,
    "count": 0,
    "updated": 0
  },
  {
    "id": "f6ae9250-9622-4a4d-8030-d7de8e46d036",
    "data": [
      {
        "text": "뒤로가",
        "userDefined": false
      }
    ],
    "isTemplate": false,
    "count": 0,
    "updated": 0
  }
]